"62","David Miller","rs12345","chr17:240444","Pathogenic"
"78","Jane Smith","rs12345","chr17:240444","Pathogenic"
"55","Bob Miller","rs112233","chr17:557723","Pathogenic"
"56","Michael Jones","rs112233","chr17:557723","Pathogenic"
"7","Bob Brown","rs54321","chr8:207853","Pathogenic"
"66","James Miller","rs54321","chr8:207853","Pathogenic"
"7","Bob Brown","rs54321","chr3:107179","Pathogenic"
"66","James Miller","rs54321","chr3:107179","Pathogenic"
"7","Bob Brown","rs12345","chr20:816128","Pathogenic"
"66","James Miller","rs12345","chr20:816128","Pathogenic"
"26","Michael Hernandez","rs98765","chr18:925864","Pathogenic"
"27","John Smith","rs112233","chrX:724973","Pathogenic"
"27","John Smith","rs67890","chr16:853529","Pathogenic"
"27","John Smith","rs112233","chr20:792600","Pathogenic"
"39","Jane Garcia","rs67890","chr3:119808","Pathogenic"
"59","James Brown","rs54321","chr12:566781","Pathogenic"
"35","Jane Brown","rs112233","chrY:357352","Pathogenic"
"57","Laura Hernandez","rs112233","chrY:357352","Pathogenic"
"73","Michael Jones","rs112233","chrY:357352","Pathogenic"
"8","Sarah Brown","rs12345","chr22:13569","Pathogenic"
"63","Bob Martinez","rs112233","chrY:81746","Pathogenic"
"68","Laura Brown","rs112233","chrY:81746","Pathogenic"
"46","Laura Garcia","rs112233","chrX:674952","Pathogenic"
"88","Jane Johnson","rs112233","chr9:725258","Pathogenic"
"88","Jane Johnson","rs12345","chr6:842340","Pathogenic"
"86","Emma Brown","rs12345","chr21:426717","Pathogenic"
"86","Emma Brown","rs67890","chr14:170122","Pathogenic"
"88","Jane Johnson","rs67890","chr12:790530","Pathogenic"
"9","Jane Martinez","rs67890","chr18:709766","Pathogenic"
"58","Sarah Brown","rs67890","chr18:709766","Pathogenic"
"50","James Miller","rs67890","chr2:631995","Pathogenic"
"39","Jane Garcia","rs98765","chr18:156266","Pathogenic"
"39","Jane Garcia","rs12345","chr20:573694","Pathogenic"
"39","Jane Garcia","rs67890","chr16:420712","Pathogenic"
